,antecedents,consequents,antecedent support,consequent support,support,confidence,lift,leverage,conviction,zhangs_metric
391,frozenset({'system specification'}),frozenset({'system definition'}),0.5462686567164179,0.6527363184079602,0.44975124378109455,0.8233151183970857,1.2613288018126085,0.09318185193435807,1.9654408370518552,0.4566255239869586
210,frozenset({'knowledge management'}),frozenset({'knowledge base'}),0.5701492537313433,0.8059701492537313,0.5611940298507463,0.9842931937172775,1.2212526662788443,0.10167075072399201,12.353233830845802,0.42146867612293154
119,frozenset({'knowledge base'}),frozenset({'knowledge engineering'}),0.8059701492537313,0.6696517412935323,0.6527363184079602,0.8098765432098766,1.2093995927576908,0.11301700452959085,1.7375460360534989,0.8923545966228892
120,frozenset({'knowledge engineering'}),frozenset({'knowledge base'}),0.6696517412935323,0.8059701492537313,0.6527363184079602,0.974739970282318,1.2093995927576908,0.11301700452959085,7.681299385425806,0.524123934763444
429,frozenset({'reasoning'}),frozenset({'knowledge base'}),0.4487562189054726,0.8059701492537313,0.4338308457711443,0.9667405764966741,1.1994744189866142,0.07214672904136038,5.833830845771153,0.3016841652038552
496,frozenset({'expert systems'}),frozenset({'knowledge base'}),0.42786069651741293,0.8059701492537313,0.40497512437810945,0.9465116279069767,1.1743755383290266,0.060132174946164685,3.627514600908501,0.25952355517572906
369,frozenset({'creation'}),frozenset({'database'}),0.5532338308457712,0.7134328358208956,0.4606965174129353,0.8327338129496402,1.167221034887571,0.06600133660057916,1.7132402503610968,0.320669402127117
281,frozenset({'information search'}),frozenset({'database'}),0.618905472636816,0.7134328358208956,0.5124378109452736,0.8279742765273311,1.1605497181450037,0.07089032449691834,1.665839029153298,0.3630053993764098
233,frozenset({'system definition'}),frozenset({'system integration'}),0.6527363184079602,0.7223880597014926,0.545273631840796,0.8353658536585366,1.156394880064503,0.07374470928937399,1.6862354892205633,0.3894547507999915
469,frozenset({'link analysis'}),frozenset({'add'}),0.4427860696517413,0.8189054726368159,0.41691542288557215,0.9415730337078653,1.1497945308340274,0.05431548724041485,3.099502487562195,0.23380497783839077
287,frozenset({'creation'}),frozenset({'knowledge base'}),0.5532338308457712,0.8059701492537313,0.5104477611940299,0.9226618705035972,1.1447841726618706,0.06455780797505017,2.508851093370359,0.2830852186144651
490,frozenset({'link analysis'}),frozenset({'knowledge base'}),0.4427860696517413,0.8059701492537313,0.40696517412935324,0.9191011235955057,1.1403662089055349,0.05009281948466626,2.3984245439469336,0.22090027942717447
461,frozenset({'system identification'}),frozenset({'knowledge base'}),0.4577114427860697,0.8059701492537313,0.4199004975124378,0.917391304347826,1.1382447665056359,0.05099873765500851,2.348782403770618,0.2239662594025826
415,frozenset({'decision support'}),frozenset({'database'}),0.5412935323383085,0.7134328358208956,0.4388059701492537,0.8106617647058824,1.1362832266797933,0.05262939036162467,1.5135197797420663,0.26146944678088135
309,frozenset({'decision support'}),frozenset({'knowledge base'}),0.5412935323383085,0.8059701492537313,0.4955223880597015,0.9154411764705882,1.1358251633986929,0.05925595901091557,2.2946138870863066,0.260695711261532
398,frozenset({'xml'}),frozenset({'system integration'}),0.5422885572139303,0.7223880597014926,0.44477611940298506,0.8201834862385321,1.135377966487224,0.0530333407588921,1.543862321047822,0.26050481470674053
244,frozenset({'system definition'}),frozenset({'concept design'}),0.6527363184079602,0.7253731343283583,0.5373134328358209,0.823170731707317,1.1348238482384823,0.06383604366228557,1.5530622748327323,0.3421203438395415
466,frozenset({'data storage'}),frozenset({'access'}),0.4437810945273632,0.8308457711442786,0.417910447761194,0.9417040358744394,1.1334282108428881,0.04919680205935495,2.901645618063526,0.2116449442030837
426,frozenset({'word'}),frozenset({'database'}),0.5383084577114428,0.7134328358208956,0.43482587064676614,0.8077634011090573,1.132220666826503,0.05077894111531889,1.4907003444316875,0.2529393198137771
359,frozenset({'check'}),frozenset({'database'}),0.5771144278606966,0.7134328358208956,0.46567164179104475,0.8068965517241379,1.131005626893666,0.053939258929234346,1.4840085287846476,0.2739064856711912
273,frozenset({'creation'}),frozenset({'access'}),0.5532338308457712,0.8308457711442786,0.5194029850746269,0.9388489208633094,1.1299918149312886,0.05975099626246877,2.766169154228858,0.2574900374608539
212,frozenset({'information search'}),frozenset({'knowledge base'}),0.618905472636816,0.8059701492537313,0.5601990049751244,0.9051446945337621,1.1230498987733715,0.061379668820078725,2.0455350366810032,0.28750771000190145
285,frozenset({'product support'}),frozenset({'knowledge base'}),0.564179104477612,0.8059701492537313,0.5104477611940299,0.9047619047619048,1.1225749559082892,0.055736244152372494,2.037313432835821,0.2505407354001443
484,frozenset({'data storage'}),frozenset({'add'}),0.4437810945273632,0.8189054726368159,0.4079601990049751,0.9192825112107622,1.1225746339815506,0.04454543204376127,2.243559977888333,0.19630873947379895
488,frozenset({'data validation'}),frozenset({'description'}),0.445771144278607,0.8139303482587065,0.40696517412935324,0.9129464285714285,1.1216517857142856,0.04413851142298458,2.137415486669216,0.19569120287253144
284,frozenset({'material'}),frozenset({'concept design'}),0.6278606965174129,0.7253731343283583,0.5104477611940299,0.8129952456418384,1.1207959147737279,0.055014479839607944,1.4685555274475086,0.28961441035744445
249,frozenset({'material'}),frozenset({'review'}),0.6278606965174129,0.7611940298507462,0.5353233830845772,0.8526148969889066,1.1201019234952303,0.057399569317591215,1.6202856684320344,0.28812893863189104
478,frozenset({'link analysis'}),frozenset({'access'}),0.4427860696517413,0.8308457711442786,0.41194029850746267,0.9303370786516854,1.119747022808316,0.04405336501571744,2.4281816722837415,0.19192115251897865
374,frozenset({'word'}),frozenset({'review'}),0.5383084577114428,0.7611940298507462,0.45870646766169154,0.8521256931608133,1.1194592439563626,0.048949283433578405,1.6149253731343287,0.23113172264193296
308,frozenset({'system specification'}),frozenset({'description'}),0.5462686567164179,0.8139303482587065,0.4975124378109453,0.9107468123861567,1.1189493232861705,0.052887799806935476,2.0847395674687803,0.23428947368421052
261,frozenset({'check'}),frozenset({'add'}),0.5771144278606966,0.8189054726368159,0.5283582089552239,0.9155172413793103,1.1179767042359743,0.05575604564243458,2.1435678749111586,0.24954026808463498
449,frozenset({'manufacturing'}),frozenset({'knowledge base'}),0.472636815920398,0.8059701492537313,0.42587064676616915,0.9010526315789473,1.117972709551657,0.044939481695997596,1.9609399809463315,0.2000969846587902
372,frozenset({'detailed design'}),frozenset({'add'}),0.5014925373134328,0.8189054726368159,0.45870646766169154,0.9146825396825398,1.1169574148006713,0.04803148436919885,2.1225963207219736,0.21004844973826778
492,frozenset({'data validation'}),frozenset({'add'}),0.445771144278607,0.8189054726368159,0.40696517412935324,0.9129464285714285,1.1148373763235548,0.041920744536026344,2.080265339966831,0.18585857699077757
452,frozenset({'image'}),frozenset({'access'}),0.45671641791044776,0.8308457711442786,0.4228855721393035,0.9259259259259259,1.1144377910844976,0.043424667706244924,2.283582089552239,0.18901098901098912
196,frozenset({'database'}),frozenset({'system integration'}),0.7134328358208956,0.7223880597014926,0.573134328358209,0.803347280334728,1.1120716483972475,0.05775896636221878,1.4116862496030484,0.3516710069444446
188,frozenset({'database'}),frozenset({'processing'}),0.7134328358208956,0.7323383084577114,0.5800995024875621,0.813110181311018,1.1102931144260504,0.057625306304299295,1.4321897972822444,0.3466445111492276
322,frozenset({'system specification'}),frozenset({'knowledge base'}),0.5462686567164179,0.8059701492537313,0.48855721393034823,0.8943533697632058,1.1096606624839775,0.048280983143981604,1.8365928975810595,0.21780201522135287
506,frozenset({'data storage'}),frozenset({'description'}),0.4437810945273632,0.8139303482587065,0.4,0.9013452914798207,1.1073985549354766,0.038793099180713386,1.8860696517412945,0.17436075436769657
306,frozenset({'creation'}),frozenset({'description'}),0.5532338308457712,0.8139303482587065,0.49850746268656715,0.9010791366906474,1.1070715554695607,0.04821365807777034,1.8809950248756209,0.21648017995190016
390,frozenset({'training'}),frozenset({'knowledge base'}),0.5044776119402985,0.8059701492537313,0.44975124378109455,0.8915187376725838,1.1061436189641318,0.04315734759040618,1.7886024423337856,0.19365070903081352
498,frozenset({'reasoning'}),frozenset({'description'}),0.4487562189054726,0.8139303482587065,0.4039800995024876,0.9002217294900222,1.1060181395323623,0.03872379396549591,1.8648313985627427,0.17388984723728906
294,frozenset({'express'}),frozenset({'concept design'}),0.6308457711442786,0.7253731343283583,0.5054726368159204,0.8012618296529967,1.1046202178343782,0.04787406252320475,1.3818526415541332,0.2565634484368693
476,frozenset({'image'}),frozenset({'add'}),0.45671641791044776,0.8189054726368159,0.4129353233830846,0.9041394335511983,1.1040827833766151,0.03892774931313581,1.889145183175035,0.17352045544816622
187,frozenset({'product design'}),frozenset({'knowledge base'}),0.6537313432835821,0.8059701492537313,0.5810945273631841,0.888888888888889,1.102880658436214,0.0542065790450732,1.746268656716419,0.2693965517241382
271,frozenset({'knowledge management'}),frozenset({'access'}),0.5701492537313433,0.8308457711442786,0.5223880597014925,0.9162303664921465,1.1027682854186913,0.04868196331773961,2.0192786069651723,0.21679894179894157
368,frozenset({'engine analysis'}),frozenset({'add'}),0.5114427860696518,0.8189054726368159,0.4616915422885572,0.9027237354085602,1.1023540146848154,0.042868245835499086,1.8616517412935307,0.19005021420043527
340,frozenset({'word'}),frozenset({'knowledge base'}),0.5383084577114428,0.8059701492537313,0.47761194029850745,0.8872458410351202,1.1008420620250565,0.043751392292269986,1.7208221189136288,0.19841056034482754
383,frozenset({'engine analysis'}),frozenset({'knowledge base'}),0.5114427860696518,0.8059701492537313,0.4537313432835821,0.8871595330739299,1.1007349762213574,0.0415237246602807,1.7195059186824493,0.18731911244506386
289,frozenset({'express'}),frozenset({'processing'}),0.6308457711442786,0.7323383084577114,0.5084577114427861,0.805993690851735,1.1005756240570566,0.04646518650528453,1.3796545726651297,0.24755117865186915
304,frozenset({'system specification'}),frozenset({'access'}),0.5462686567164179,0.8308457711442786,0.49950248756218907,0.9143897996357013,1.100552992375904,0.04563748422068764,1.9758653540806619,0.2013655902704971
428,frozenset({'word'}),frozenset({'processing'}),0.5383084577114428,0.7323383084577114,0.4338308457711443,0.8059149722735676,1.1004681346942058,0.03960694042226681,1.3790950011845542,0.19774201202151234
305,frozenset({'creation'}),frozenset({'add'}),0.5532338308457712,0.8189054726368159,0.49850746268656715,0.9010791366906474,1.100345725849454,0.04546125095913467,1.8307010402532784,0.20412182316880714
491,frozenset({'section description'}),frozenset({'add'}),0.45174129353233833,0.8189054726368159,0.40696517412935324,0.9008810572687225,1.1001038427157548,0.03703175663968711,1.827042564953013,0.16597074001925805
265,frozenset({'system definition'}),frozenset({'processing'}),0.6527363184079602,0.7323383084577114,0.5253731343283582,0.8048780487804877,1.0990522269353127,0.04734932303655848,1.3717661691542284,0.25952939133454883
314,frozenset({'decision support'}),frozenset({'access'}),0.5412935323383085,0.8308457711442786,0.4935323383084577,0.9117647058823529,1.097393448397323,0.04380089601742532,1.9170812603648422,0.19347841298719476
329,frozenset({'word'}),frozenset({'add'}),0.5383084577114428,0.8189054726368159,0.4835820895522388,0.8983364140480592,1.0969964715896714,0.04275834756565433,1.7813116236996844,0.1915132325812403
376,frozenset({'engine analysis'}),frozenset({'description'}),0.5114427860696518,0.8139303482587065,0.4557213930348259,0.8910505836575876,1.0947504114619506,0.03944258805475115,1.7078535891968736,0.17715383452360847
292,frozenset({'knowledge management'}),frozenset({'description'}),0.5701492537313433,0.8139303482587065,0.5074626865671642,0.8900523560209425,1.093523982641867,0.04340090591817036,1.692347784885099,0.19896514161220052
157,frozenset({'detailed'}),frozenset({'add'}),0.690547263681592,0.8189054726368159,0.6179104477611941,0.8948126801152738,1.0926934915137914,0.052417514417960054,1.72163838342534,0.27412999466683285
139,frozenset({'system integration'}),frozenset({'knowledge base'}),0.7223880597014926,0.8059701492537313,0.6358208955223881,0.8801652892561983,1.092056932966024,0.05359768322566272,1.619145651055069,0.30364985612600326
499,frozenset({'data validation'}),frozenset({'access'}),0.445771144278607,0.8308457711442786,0.4039800995024876,0.90625,1.0907559880239521,0.0336130293804609,1.8043117744610282,0.15012691140964537
151,frozenset({'database'}),frozenset({'knowledge base'}),0.7134328358208956,0.8059701492537313,0.6268656716417911,0.8786610878661087,1.090190609019061,0.05186010247271111,1.5990735975295929,0.28869047619047644
446,frozenset({'failure'}),frozenset({'knowledge base'}),0.48955223880597015,0.8059701492537313,0.4298507462686567,0.8780487804878049,1.089430894308943,0.03528625529071061,1.591044776119403,0.1608187134502923
474,frozenset({'system identification'}),frozenset({'access'}),0.4577114427860697,0.8308457711442786,0.41393034825870645,0.9043478260869564,1.0884665451705284,0.03364273161555403,1.7684305744007216,0.1498764996471417
131,frozenset({'database'}),frozenset({'access'}),0.7134328358208956,0.8308457711442786,0.6447761194029851,0.903765690376569,1.0877658908125172,0.052023464765723615,1.7577330737616252,0.2815554269547325
422,frozenset({'failure'}),frozenset({'add'}),0.48955223880597015,0.8189054726368159,0.43582089552238806,0.8902439024390244,1.087114364460777,0.034923888022573735,1.649972360420122,0.1569868354295176
432,frozenset({'failure'}),frozenset({'description'}),0.48955223880597015,0.8139303482587065,0.43283582089552236,0.8841463414634145,1.0862678156121413,0.03437439667334963,1.6060748887143217,0.15558244269678007
256,frozenset({'material'}),frozenset({'evaluation'}),0.6278606965174129,0.7810945273631841,0.5323383084577115,0.8478605388272583,1.0854775051227956,0.04191975446152324,1.4388474295190712,0.21160477784996753
402,frozenset({'detailed design'}),frozenset({'description'}),0.5014925373134328,0.8139303482587065,0.4427860696517413,0.882936507936508,1.0847814064501107,0.034606074107076557,1.5894763470781696,0.15677857767610845
290,frozenset({'product support'}),frozenset({'access'}),0.564179104477612,0.8308457711442786,0.5084577114427861,0.9012345679012345,1.084719449988911,0.03971188831959599,1.7126865671641773,0.17920810658660136
296,frozenset({'check'}),frozenset({'knowledge base'}),0.5771144278606966,0.8059701492537313,0.5044776119402985,0.8741379310344827,1.0845785440613025,0.03934061038093112,1.541607033326517,0.18440654368256157
320,frozenset({'xml'}),frozenset({'access'}),0.5422885572139303,0.8308457711442786,0.48855721393034823,0.9009174311926605,1.0843377465252981,0.03799905942922205,1.7072047171549658,0.16992827415212963
337,frozenset({'xml'}),frozenset({'description'}),0.5422885572139303,0.8139303482587065,0.4786069651741294,0.8825688073394496,1.0843296471591037,0.037221850944283597,1.584499378109454,0.16991322426105052
224,frozenset({'express'}),frozenset({'knowledge base'}),0.6308457711442786,0.8059701492537313,0.5512437810945273,0.8738170347003154,1.0841803949059468,0.042800920769287765,1.537686567164178,0.21033016435236937
133,frozenset({'processing'}),frozenset({'knowledge base'}),0.7323383084577114,0.8059701492537313,0.6398009950248756,0.8736413043478262,1.0839623590982288,0.04955817925298878,1.5355480661210088,0.2893904617643827
377,frozenset({'word'}),frozenset({'evaluation'}),0.5383084577114428,0.7810945273631841,0.4557213930348259,0.8465804066543439,1.083838609793141,0.03525160268310196,1.4268416951387646,0.167543479897606
349,frozenset({'word'}),frozenset({'description'}),0.5383084577114428,0.8139303482587065,0.4746268656716418,0.8817005545286507,1.0832629062363006,0.03648127521596006,1.5728700248756227,0.16648142123906626
494,frozenset({'system identification'}),frozenset({'add'}),0.4577114427860697,0.8189054726368159,0.4059701492537313,0.8869565217391303,1.0831000052828992,0.031147743867726008,1.6019900497512423,0.14148228098578866
138,frozenset({'system integration'}),frozenset({'description'}),0.7223880597014926,0.8139303482587065,0.6368159203980099,0.8815426997245178,1.083068964820465,0.04884235538724291,1.5707740367927792,0.27627688172043025
125,frozenset({'system integration'}),frozenset({'access'}),0.7223880597014926,0.8308457711442786,0.6497512437810945,0.8994490358126721,1.082570396397288,0.04955817925298878,1.682273563688406,0.2747451794035798
382,frozenset({'training'}),frozenset({'access'}),0.5044776119402985,0.8308457711442786,0.4537313432835821,0.8994082840236687,1.0825213478368707,0.03458825276602068,1.6815920398009958,0.1538390403720145
181,frozenset({'system definition'}),frozenset({'access'}),0.6527363184079602,0.8308457711442786,0.5870646766169154,0.899390243902439,1.0824996348765883,0.04474146679537638,1.681290517111413,0.21946481472487997
371,frozenset({'engine analysis'}),frozenset({'access'}),0.5114427860696518,0.8308457711442786,0.4597014925373134,0.8988326848249026,1.081828560777278,0.03477141654909527,1.6720244929200139,0.15482141755054157
454,frozenset({'section description'}),frozenset({'step'}),0.45174129353233833,0.8656716417910447,0.4228855721393035,0.9361233480176211,1.0813838675375969,0.03182594490235391,2.1029336078229535,0.13726913632966803
501,frozenset({'reasoning'}),frozenset({'access'}),0.4487562189054726,0.8308457711442786,0.40298507462686567,0.8980044345898005,1.0808316847458077,0.030137867874557578,1.6584468959550087,0.13566876142086737
229,frozenset({'information search'}),frozenset({'add'}),0.618905472636816,0.8189054726368159,0.5472636815920398,0.8842443729903536,1.0797880860939313,0.040438603004876006,1.5644555002763951,0.1938950866366005
219,frozenset({'information search'}),frozenset({'access'}),0.618905472636816,0.8308457711442786,0.5552238805970149,0.8971061093247588,1.0797504669118354,0.04100888591866536,1.643967661691541,0.19381041953264638
338,frozenset({'decision support'}),frozenset({'add'}),0.5412935323383085,0.8189054726368159,0.4786069651741294,0.8841911764705883,1.0797231255807307,0.03533872923937531,1.563736871199559,0.16096707419917855
274,frozenset({'express'}),frozenset({'review'}),0.6308457711442786,0.7611940298507462,0.5184079601990049,0.8217665615141955,1.0795756788519824,0.03821192544738983,1.339849425439175,0.1996730318535261
238,frozenset({'check'}),frozenset({'step'}),0.5771144278606966,0.8656716417910447,0.5393034825870647,0.9344827586206896,1.0794887039239,0.0397118883195961,2.0502749410840537,0.17412632949858933
117,frozenset({'processing'}),frozenset({'access'}),0.7323383084577114,0.8308457711442786,0.6567164179104478,0.8967391304347827,1.0793087737568343,0.048256231281403994,1.6381251636554088,0.2745296834516169
497,frozenset({'section description'}),frozenset({'access'}),0.45174129353233833,0.8308457711442786,0.40497512437810945,0.8964757709251101,1.078991796143396,0.0296477809955199,1.633957870223351,0.13352983407429864
235,frozenset({'information search'}),frozenset({'description'}),0.618905472636816,0.8139303482587065,0.5432835820895522,0.877813504823151,1.0784872522582722,0.039537635207049227,1.522833202409006,0.19096395336604166
423,frozenset({'detailed design'}),frozenset({'knowledge base'}),0.5014925373134328,0.8059701492537313,0.43582089552238806,0.8690476190476191,1.07826278659612,0.03163288037424822,1.48168249660787,0.14559921253383667
293,frozenset({'check'}),frozenset({'description'}),0.5771144278606966,0.8139303482587065,0.5064676616915423,0.8775862068965518,1.0782079925807269,0.03673671443776144,1.5200056057739475,0.17152432682306715
280,frozenset({'check'}),frozenset({'access'}),0.5771144278606966,0.8308457711442786,0.5164179104477612,0.8948275862068965,1.0770080528597976,0.03692482859335161,1.6083516842019405,0.16908081151535742
170,frozenset({'knowledge engineering'}),frozenset({'access'}),0.6696517412935323,0.8308457711442786,0.5990049751243781,0.8945022288261516,1.0766164550542303,0.04262765773124433,1.603391493238036,0.21542148661089566
503,frozenset({'difficulty'}),frozenset({'step'}),0.43283582089552236,0.8656716417910447,0.40298507462686567,0.9310344827586208,1.0755053507728896,0.028291378926264266,1.9477611940298538,0.12378167641325562
207,frozenset({'express'}),frozenset({'access'}),0.6308457711442786,0.8308457711442786,0.56318407960199,0.892744479495268,1.074500840590113,0.039048538402514765,1.577114427860695,0.187822045279209
333,frozenset({'system specification'}),frozenset({'add'}),0.5462686567164179,0.8189054726368159,0.48059701492537316,0.8797814207650274,1.0743381869609387,0.03325462241033644,1.5063772048846689,0.15250081726054296
450,frozenset({'expert systems'}),frozenset({'analysis'}),0.42786069651741293,0.9223880597014925,0.42388059701492536,0.9906976744186047,1.0740573492887786,0.0292269993316997,8.34328358208958,0.12051439069197792
150,frozenset({'concept design'}),frozenset({'knowledge base'}),0.7253731343283583,0.8059701492537313,0.6278606965174129,0.8655692729766803,1.0739470609155108,0.04323160317813912,1.4433445019798954,0.25072348928546806
419,frozenset({'failure'}),frozenset({'access'}),0.48955223880597015,0.8308457711442786,0.4368159203980099,0.8922764227642276,1.0739374908719146,0.030073513031855625,1.5702618980568845,0.13487591415897365
507,frozenset({'system identification'}),frozenset({'description'}),0.4577114427860697,0.8139303482587065,0.4,0.8739130434782608,1.0736951206548315,0.027454765971139328,1.475724824155086,0.1265689899128212
169,frozenset({'detailed'}),frozenset({'description'}),0.690547263681592,0.8139303482587065,0.6029850746268657,0.8731988472622478,1.0728176546437151,0.04092769980941069,1.467412935323383,0.219339297273779
363,frozenset({'detailed design'}),frozenset({'step'}),0.5014925373134328,0.8656716417910447,0.46567164179104475,0.9285714285714286,1.0726600985221675,0.031543773668968655,1.8805970149253748,0.1358820819898667
396,frozenset({'detailed design'}),frozenset({'access'}),0.5014925373134328,0.8308457711442786,0.44676616915422884,0.8908730158730159,1.0722483604220132,0.03010321526694887,1.5500678426051568,0.13516397049998014
302,frozenset({'word'}),frozenset({'step'}),0.5383084577114428,0.8656716417910447,0.49950248756218907,0.9279112754158966,1.0718975078080186,0.03350412118511925,1.8633754305396126,0.1452809451847784
270,frozenset({'product support'}),frozenset({'step'}),0.564179104477612,0.8656716417910447,0.5233830845771145,0.927689594356261,1.0716414279632671,0.034989232939778736,1.8576629049872582,0.15339340590655773
489,frozenset({'api'}),frozenset({'development'}),0.41492537313432837,0.9154228855721394,0.40696517412935324,0.9808153477218226,1.0714341570222083,0.027132991757629732,4.408582089552238,0.11395389451624156
76,frozenset({'access'}),frozenset({'knowledge base'}),0.8308457711442786,0.8059701492537313,0.7174129353233831,0.8634730538922156,1.0713461964958972,0.04777604514739742,1.4211835559046877,0.3936933996899737
77,frozenset({'knowledge base'}),frozenset({'access'}),0.8059701492537313,0.8308457711442786,0.7174129353233831,0.8901234567901235,1.0713461964958972,0.04777604514739742,1.5394935435183639,0.3432198869092078
317,frozenset({'product support'}),frozenset({'description'}),0.564179104477612,0.8139303482587065,0.49154228855721394,0.8712522045855379,1.0704259970763637,0.03233979356946609,1.4452259251686765,0.15096223171205145
312,frozenset({'product support'}),frozenset({'add'}),0.564179104477612,0.8189054726368159,0.4945273631840796,0.8765432098765431,1.070383871112911,0.032518006980025216,1.46686567164179,0.1508778699594828
199,frozenset({'system definition'}),frozenset({'add'}),0.6527363184079602,0.8189054726368159,0.572139303482587,0.8765243902439024,1.0703608896660048,0.03760996014950124,1.4666420981512187,0.18929612557618036
263,frozenset({'express'}),frozenset({'evaluation'}),0.6308457711442786,0.7810945273631841,0.527363184079602,0.8359621451104101,1.0702445297273404,0.03461300462859834,1.3344814389590511,0.17779586024513067
407,frozenset({'training'}),frozenset({'add'}),0.5044776119402985,0.8189054726368159,0.4417910447761194,0.8757396449704142,1.0694026041254754,0.028671567535457076,1.4573797678275295,0.13096982524693382
146,frozenset({'concept design'}),frozenset({'description'}),0.7253731343283583,0.8139303482587065,0.6308457711442786,0.869684499314129,1.0684999044140582,0.040442563302888535,1.4278397486252945,0.2334384858044164
353,frozenset({'decision support'}),frozenset({'description'}),0.5412935323383085,0.8139303482587065,0.47064676616915424,0.8694852941176471,1.0682551596433194,0.030071532882849417,1.4256604302431506,0.13929182354748607
479,frozenset({'manufacturing'}),frozenset({'description'}),0.472636815920398,0.8139303482587065,0.4109452736318408,0.8694736842105263,1.068240895637627,0.026251825449865096,1.4255336222115227,0.12113390287358942
420,frozenset({'manufacturing'}),frozenset({'step'}),0.472636815920398,0.8656716417910447,0.4368159203980099,0.9242105263157894,1.067622504537205,0.027667631989307162,1.772388059701491,0.12010572914428146
468,frozenset({'expert systems'}),frozenset({'development'}),0.42786069651741293,0.9154228855721394,0.417910447761194,0.9767441860465116,1.0669868554095046,0.026236974332318475,3.6368159203980013,0.10973084886128352
360,frozenset({'training'}),frozenset({'step'}),0.5044776119402985,0.8656716417910447,0.46567164179104475,0.923076923076923,1.06631299734748,0.02895967921586101,1.7462686567164172,0.1255020080321286
105,frozenset({'access'}),frozenset({'review'}),0.8308457711442786,0.7611940298507462,0.6736318407960199,0.8107784431137725,1.065140307620054,0.04119700007425564,1.2620442093330815,0.3615431401511865
106,frozenset({'review'}),frozenset({'access'}),0.7611940298507462,0.8308457711442786,0.6736318407960199,0.884967320261438,1.065140307620054,0.04119700007425564,1.4704884667571245,0.25609305760709045
456,frozenset({'system identification'}),frozenset({'step'}),0.4577114427860697,0.8656716417910447,0.4218905472636816,0.9217391304347825,1.064767616191904,0.025662731120516813,1.7164179104477597,0.11216894581962955
297,frozenset({'system specification'}),frozenset({'step'}),0.5462686567164179,0.8656716417910447,0.5034825870646766,0.9216757741347906,1.0646944287419133,0.030593302145986545,1.7150295036445706,0.13391928437695053
260,frozenset({'xml'}),frozenset({'development'}),0.5422885572139303,0.9154228855721394,0.5283582089552239,0.9743119266055047,1.0643298763462306,0.031934853097695615,3.2924662402274465,0.1320519118971588
230,frozenset({'express'}),frozenset({'description'}),0.6308457711442786,0.8139303482587065,0.5462686567164179,0.8659305993690851,1.0638878390781548,0.03280413851142294,1.3878606965174123,0.16267263684523176
354,frozenset({'engine analysis'}),frozenset({'step'}),0.5114427860696518,0.8656716417910447,0.47064676616915424,0.9202334630350194,1.0630283107473502,0.027905249870052717,1.6840189297415358,0.1213599548748509
203,frozenset({'information search'}),frozenset({'step'}),0.618905472636816,0.8656716417910447,0.5691542288557214,0.9196141479099679,1.0623128949994458,0.0333853122447465,1.6710447761194043,0.153919187861747
458,frozenset({'expert systems'}),frozenset({'system design'}),0.42786069651741293,0.9263681592039801,0.4208955223880597,0.9837209302325581,1.0619114230759623,0.024538996559491155,4.523098791755507,0.10190153150375189
291,frozenset({'creation'}),frozenset({'step'}),0.5532338308457712,0.8656716417910447,0.5084577114427861,0.9190647482014388,1.061678243612007,0.02953887280017825,1.659701492537313,0.1300345625634702
191,frozenset({'knowledge engineering'}),frozenset({'description'}),0.6696517412935323,0.8139303482587065,0.5781094527363184,0.8632986627043091,1.0606542249606732,0.03305957773322443,1.3611399524118541,0.17310723098936195
264,frozenset({'system definition'}),frozenset({'review'}),0.6527363184079602,0.7611940298507462,0.5263681592039801,0.8064024390243901,1.0593914395026303,0.029509170565085008,1.2335174521095305,0.1614388395686297
313,frozenset({'knowledge management'}),frozenset({'add'}),0.5701492537313433,0.8189054726368159,0.4945273631840796,0.8673647469458987,1.0591756630384304,0.027629019083686035,1.365357423409269,0.12997429018555773
471,frozenset({'manufacturing'}),frozenset({'access'}),0.472636815920398,0.8308457711442786,0.41592039800995023,0.8799999999999999,1.0591616766467065,0.023232098215390684,1.4096185737976772,0.10591766723842184
142,frozenset({'system definition'}),frozenset({'development'}),0.6527363184079602,0.9154228855721394,0.6328358208955224,0.9695121951219512,1.0590866914103922,0.0353060567807727,2.7741293532338265,0.16065668306572212
394,frozenset({'failure'}),frozenset({'step'}),0.48955223880597015,0.8656716417910447,0.4487562189054726,0.9166666666666666,1.0589080459770115,0.024964728595826824,1.6119402985074627,0.10898458266879314
190,frozenset({'express'}),frozenset({'step'}),0.6308457711442786,0.8656716417910447,0.5781094527363184,0.916403785488959,1.0586043728924182,0.032004158312913034,1.6068713038580682,0.1499645095592226
209,frozenset({'product design'}),frozenset({'description'}),0.6537313432835821,0.8139303482587065,0.56318407960199,0.8614916286149162,1.0584340913911867,0.03109229969555205,1.3433819911431848,0.15943706591933696
310,frozenset({'decision support'}),frozenset({'step'}),0.5412935323383085,0.8656716417910447,0.4955223880597015,0.9154411764705882,1.0574923935091278,0.02693992722952404,1.5885788449059053,0.1185218095810575
126,frozenset({'review'}),frozenset({'knowledge base'}),0.7611940298507462,0.8059701492537313,0.6487562189054726,0.8522875816993465,1.0574679254417818,0.03525655305561748,1.3135649187689877,0.22756901840490823
127,frozenset({'knowledge base'}),frozenset({'review'}),0.8059701492537313,0.7611940298507462,0.6487562189054726,0.8049382716049382,1.0574679254417816,0.03525655305561748,1.2242584545626298,0.28008494572911785
159,frozenset({'knowledge engineering'}),frozenset({'step'}),0.6696517412935323,0.8656716417910447,0.6129353233830845,0.9153046062407132,1.0573346313470309,0.03323680106928051,1.5860172820109977,0.1641468471287751
195,frozenset({'database'}),frozenset({'review'}),0.7134328358208956,0.7611940298507462,0.5741293532338309,0.804741980474198,1.0572100527798287,0.031068537907477545,1.2230277185501064,0.18883593298671295
485,frozenset({'data validation'}),frozenset({'step'}),0.445771144278607,0.8656716417910447,0.4079601990049751,0.9151785714285714,1.057189039408867,0.02206876067424074,1.5836606441476826,0.0976047641984499
467,frozenset({'image'}),frozenset({'step'}),0.45671641791044776,0.8656716417910447,0.417910447761194,0.9150326797385621,1.0570205093531666,0.022543996435731795,1.5809414466130884,0.09929356357927788
495,frozenset({'data storage'}),frozenset({'step'}),0.4437810945273632,0.8656716417910447,0.4059701492537313,0.9147982062780268,1.0567496520797897,0.021801440558401997,1.5765907305577358,0.09654845838156363
148,frozenset({'processing'}),frozenset({'description'}),0.7323383084577114,0.8139303482587065,0.6298507462686567,0.8600543478260869,1.0566682390772828,0.03377837182247956,1.329585084287301,0.20036176347950643
179,frozenset({'detailed'}),frozenset({'knowledge base'}),0.690547263681592,0.8059701492537313,0.5880597014925373,0.8515850144092219,1.0565962215818123,0.03149922031632879,1.307346761338936,0.1730948145004651
493,frozenset({'api'}),frozenset({'system design'}),0.41492537313432837,0.9263681592039801,0.4059701492537313,0.9784172661870503,1.0561862003415528,0.021596495136258997,3.411608623548909,0.0909238695478191
165,frozenset({'detailed'}),frozenset({'access'}),0.690547263681592,0.8308457711442786,0.6059701492537314,0.8775216138328531,1.0561787088646915,0.0322318754486276,1.381094527363185,0.17188580721123178
75,frozenset({'access'}),frozenset({'add'}),0.8308457711442786,0.8189054726368159,0.718407960199005,0.8646706586826347,1.055885798269803,0.03802381129179977,1.3381763747633513,0.3128971810330785
74,frozenset({'add'}),frozenset({'access'}),0.8189054726368159,0.8308457711442786,0.718407960199005,0.8772782503037667,1.055885798269803,0.03802381129179977,1.3783557460223637,0.29226659766826013
147,frozenset({'detailed'}),frozenset({'step'}),0.690547263681592,0.8656716417910447,0.6308457711442786,0.9135446685878963,1.0553015999205009,0.03305858765872138,1.5537313432835833,0.1693428139612731
272,frozenset({'knowledge management'}),frozenset({'step'}),0.5701492537313433,0.8656716417910447,0.5203980099502488,0.9127399650959861,1.0543720286453633,0.026835969406697913,1.5394029850746285,0.11996760144465717
94,frozenset({'database'}),frozenset({'development'}),0.7134328358208956,0.9154228855721394,0.6885572139303483,0.9651324965132496,1.0543023467345825,0.035464468701269736,2.4256716417910407,0.1797326589595374
160,frozenset({'database'}),frozenset({'description'}),0.7134328358208956,0.8139303482587065,0.6119402985074627,0.8577405857740585,1.0538255363116489,0.031255661988564554,1.3079601990049747,0.17823509485094804
153,frozenset({'concept design'}),frozenset({'add'}),0.7253731343283583,0.8189054726368159,0.6258706467661691,0.8628257887517146,1.0536329498122396,0.0318586173609563,1.320179104477611,0.18535287205363868
145,frozenset({'processing'}),frozenset({'add'}),0.7323383084577114,0.8189054726368159,0.6318407960199005,0.8627717391304348,1.0535669475408105,0.0321249474022921,1.319659130092114,0.1899540438486086
198,frozenset({'product design'}),frozenset({'access'}),0.6537313432835821,0.8308457711442786,0.572139303482587,0.8751902587519026,1.0533727066415115,0.0289893814509542,1.3552966872952312,0.14632683658170922
140,frozenset({'concept design'}),frozenset({'access'}),0.7253731343283583,0.8308457711442786,0.6348258706467662,0.8751714677640604,1.0533500899435697,0.032152669488379026,1.355092668525505,0.18442483303802662
161,frozenset({'material'}),frozenset({'analysis'}),0.6278606965174129,0.9223880597014925,0.609950248756219,0.971473851030111,1.0532159873627418,0.030819039132694792,2.7207296849087936,0.13577479041446056
173,frozenset({'product design'}),frozenset({'step'}),0.6537313432835821,0.8656716417910447,0.5960199004975124,0.9117199391171994,1.0531937227733166,0.030103215266948813,1.521616057642821,0.14586091762132278
104,frozenset({'evaluation'}),frozenset({'add'}),0.7810945273631841,0.8189054726368159,0.6736318407960199,0.8624203821656051,1.053137890736857,0.033989257691641295,1.3162889257416626,0.23049550154424597
103,frozenset({'add'}),frozenset({'evaluation'}),0.8189054726368159,0.7810945273631841,0.6736318407960199,0.8226002430133658,1.0531378907368567,0.033989257691641295,1.233967150548627,0.278620935932605
156,frozenset({'system integration'}),frozenset({'add'}),0.7223880597014926,0.8189054726368159,0.6228855721393035,0.8622589531680441,1.0529407629816334,0.03131803668226041,1.314746268656717,0.1811123707444437
208,frozenset({'product design'}),frozenset({'add'}),0.6537313432835821,0.8189054726368159,0.56318407960199,0.8614916286149162,1.0520037506172428,0.027839904952847716,1.307462686567164,0.14275922992567328
40,frozenset({'knowledge base'}),frozenset({'development'}),0.8059701492537313,0.9154228855721394,0.7761194029850746,0.962962962962963,1.0519323671497585,0.03831588327021607,2.2835820895522407,0.25443786982248506
41,frozenset({'development'}),frozenset({'knowledge base'}),0.9154228855721394,0.8059701492537313,0.7761194029850746,0.8478260869565217,1.0519323671497585,0.03831588327021607,1.275053304904051,0.5837104072398192
410,frozenset({'image'}),frozenset({'development'}),0.45671641791044776,0.9154228855721394,0.43980099502487563,0.962962962962963,1.0519323671497585,0.021712333853122434,2.2835820895522407,0.09087066779374464
248,frozenset({'system definition'}),frozenset({'evaluation'}),0.6527363184079602,0.7810945273631841,0.536318407960199,0.8216463414634146,1.0519166537206774,0.026469641840548563,1.2273674363226603,0.14212353344567868
460,frozenset({'difficulty'}),frozenset({'analysis'}),0.43283582089552236,0.9223880597014925,0.4199004975124378,0.9701149425287356,1.0517427370457166,0.020657904507314195,2.5970149253731365,0.08674232975804447
440,frozenset({'training'}),frozenset({'description'}),0.5044776119402985,0.8139303482587065,0.4318407960199005,0.8560157790927022,1.0517064278583932,0.021231157644612753,1.2922919648333677,0.09921714507800787
175,frozenset({'system definition'}),frozenset({'step'}),0.6527363184079602,0.8656716417910447,0.5940298507462687,0.9100609756097562,1.0512773338940287,0.02897453033340769,1.4935492031368602,0.14045874069487888
110,frozenset({'processing'}),frozenset({'step'}),0.7323383084577114,0.8656716417910447,0.6656716417910448,0.9089673913043479,1.0500140554722641,0.03170713596198116,1.4756070394297187,0.17795522363178698
236,frozenset({'express'}),frozenset({'add'}),0.6308457711442786,0.8189054726368159,0.5422885572139303,0.8596214511041008,1.0497199980068304,0.025685502834088214,1.2900441612163889,0.12830683251316774
89,frozenset({'description'}),frozenset({'add'}),0.8139303482587065,0.8189054726368159,0.699502487562189,0.8594132029339853,1.0494656973859724,0.032970471027944814,1.2881332468094306,0.25331467127132734
90,frozenset({'add'}),frozenset({'description'}),0.8189054726368159,0.8139303482587065,0.699502487562189,0.8541919805589308,1.0494656973859724,0.032970471027944814,1.2761276948590383,0.2602738655370231
78,frozenset({'description'}),frozenset({'access'}),0.8139303482587065,0.8308457711442786,0.709452736318408,0.871638141809291,1.0490974042135779,0.0332021484616718,1.3177919924188586,0.25151690154577744
79,frozenset({'access'}),frozenset({'description'}),0.8308457711442786,0.8139303482587065,0.709452736318408,0.8538922155688623,1.0490974042135777,0.0332021484616718,1.2735095016719682,0.27666859170035524
141,frozenset({'system definition'}),frozenset({'system design'}),0.6527363184079602,0.9263681592039801,0.6338308457711442,0.9710365853658536,1.0482188703465982,0.02915670404197912,2.542236187483628,0.13246638748071396
487,frozenset({'reasoning'}),frozenset({'step'}),0.4487562189054726,0.8656716417910447,0.40696517412935324,0.9068736141906873,1.047595381909932,0.018489641345511287,1.442430703624734,0.0824190373632971
166,frozenset({'express'}),frozenset({'development'}),0.6308457711442786,0.9154228855721394,0.6049751243781094,0.9589905362776024,1.0475929227815113,0.027484468206232404,2.0623804056639825,0.12306710171655505
437,frozenset({'section description'}),frozenset({'development'}),0.45174129353233833,0.9154228855721394,0.43283582089552236,0.9581497797356827,1.0466744876460445,0.019301502438058393,2.0209478921183495,0.08133592006174743
29,frozenset({'development'}),frozenset({'access'}),0.9154228855721394,0.8308457711442786,0.7960199004975125,0.8695652173913043,1.0466024472793543,0.03544466721120765,1.2968490878938639,0.5264705882352945
28,frozenset({'access'}),frozenset({'development'}),0.8308457711442786,0.9154228855721394,0.7960199004975125,0.9580838323353293,1.0466024472793543,0.03544466721120765,2.0177683013503898,0.26323529411764707
254,frozenset({'optimization'}),frozenset({'step'}),0.5890547263681593,0.8656716417910447,0.5333333333333333,0.9054054054054053,1.0458993476234855,0.023405361253434287,1.4200426439232394,0.10679050269234924
266,frozenset({'xml'}),frozenset({'system design'}),0.5422885572139303,0.9263681592039801,0.5253731343283582,0.9688073394495413,1.045812434099666,0.023014281824707328,2.3605501902253487,0.0957056982872201
204,frozenset({'material'}),frozenset({'step'}),0.6278606965174129,0.8656716417910447,0.5681592039800994,0.9049128367670364,1.045330345920542,0.02463800400980176,1.4126865671641786,0.11652790394935252
64,frozenset({'step'}),frozenset({'description'}),0.8656716417910447,0.8139303482587065,0.736318407960199,0.8505747126436782,1.045021499030436,0.03172198707952778,1.2452353616532728,0.32072072072072105
65,frozenset({'description'}),frozenset({'step'}),0.8139303482587065,0.8656716417910447,0.736318407960199,0.9046454767726161,1.0450214990304358,0.03172198707952778,1.4087256027554533,0.23153634918340835
163,frozenset({'express'}),frozenset({'analysis'}),0.6308457711442786,0.9223880597014925,0.6079601990049751,0.9637223974763406,1.0448123079436056,0.026075592188312124,2.139390006489287,0.1161853000472027
115,frozenset({'evaluation'}),frozenset({'knowledge base'}),0.7810945273631841,0.8059701492537313,0.6577114427860696,0.8420382165605095,1.0447511205472988,0.02817256998589146,1.2283341357727486,0.19567459771695794
116,frozenset({'knowledge base'}),frozenset({'evaluation'}),0.8059701492537313,0.7810945273631841,0.6577114427860696,0.8160493827160493,1.0447511205472988,0.02817256998589146,1.1900230391665827,0.2207610846037474
463,frozenset({'difficulty'}),frozenset({'system design'}),0.43283582089552236,0.9263681592039801,0.41890547263681593,0.9678160919540231,1.0447423978665877,0.01794014999628729,2.2878464818763393,0.07550943867983526
124,frozenset({'review'}),frozenset({'add'}),0.7611940298507462,0.8189054726368159,0.6497512437810945,0.85359477124183,1.0423605651251995,0.02640528699784661,1.2369402985074625,0.17017611026033705
113,frozenset({'evaluation'}),frozenset({'description'}),0.7810945273631841,0.8139303482587065,0.6626865671641791,0.8484076433121018,1.0423590238736704,0.02693002648449294,1.227434257285003,0.18564018564018553
112,frozenset({'description'}),frozenset({'evaluation'}),0.8139303482587065,0.7810945273631841,0.6626865671641791,0.8141809290953544,1.0423590238736704,0.02693002648449294,1.178057083006022,0.21840021840021828
279,frozenset({'word'}),frozenset({'analysis'}),0.5383084577114428,0.9223880597014925,0.5174129353233831,0.9611829944547136,1.0420592334703205,0.020883641494022442,1.9994314143567915,0.08742125331564994
298,frozenset({'optimization'}),frozenset({'add'}),0.5890547263681593,0.8189054726368159,0.5024875621890548,0.8530405405405406,1.0416837706479263,0.02010742308358704,1.2322754045862645,0.09737491908997195
152,frozenset({'system definition'}),frozenset({'analysis'}),0.6527363184079602,0.9223880597014925,0.6268656716417911,0.9603658536585367,1.0411733364906466,0.024789485408777012,1.958208955223885,0.11387638149815801
70,frozenset({'knowledge base'}),frozenset({'step'}),0.8059701492537313,0.8656716417910447,0.7263681592039801,0.9012345679012346,1.0410813111962538,0.028662656864929192,1.3600746268656723,0.2033719704952589
69,frozenset({'step'}),frozenset({'knowledge base'}),0.8656716417910447,0.8059701492537313,0.7263681592039801,0.839080459770115,1.0410813111962538,0.028662656864929192,1.2057569296375272,0.2937595129375961
56,frozenset({'step'}),frozenset({'access'}),0.8656716417910447,0.8308457711442786,0.7482587064676617,0.8643678160919541,1.0403468924220525,0.029019083686047442,1.2471540602074382,0.2887115839243504
57,frozenset({'access'}),frozenset({'step'}),0.8308457711442786,0.8656716417910447,0.7482587064676617,0.9005988023952096,1.0403468924220525,0.029019083686047442,1.351375651861177,0.22927096370463132
477,frozenset({'difficulty'}),frozenset({'development'}),0.43283582089552236,0.9154228855721394,0.41194029850746267,0.9517241379310345,1.039655172413793,0.015712482364297897,1.7519545131485426,0.06725146198830402
275,frozenset({'word'}),frozenset({'system design'}),0.5383084577114428,0.9263681592039801,0.5184079601990049,0.9630314232902033,1.0395774225635386,0.019736145144922168,1.9917412935323375,0.08245913031967707
425,frozenset({'section description'}),frozenset({'system design'}),0.45174129353233833,0.9263681592039801,0.43482587064676614,0.9625550660792951,1.0390632023734603,0.016347120120789038,1.966403277728999,0.06857097766906001
43,frozenset({'development'}),frozenset({'description'}),0.9154228855721394,0.8139303482587065,0.7741293532338308,0.8456521739130434,1.0389736366535558,0.02903888517610942,1.2055216873379573,0.44352033872674934
42,frozenset({'description'}),frozenset({'development'}),0.8139303482587065,0.9154228855721394,0.7741293532338308,0.9511002444987775,1.0389736366535558,0.02903888517610942,1.7296019900497501,0.20160015396670417
97,frozenset({'database'}),frozenset({'system design'}),0.7134328358208956,0.9263681592039801,0.6865671641791045,0.9623430962343096,1.0388343842271548,0.025665701344026126,1.9553344389165268,0.1304498792270531
436,frozenset({'section description'}),frozenset({'analysis'}),0.45174129353233833,0.9223880597014925,0.43283582089552236,0.9581497797356827,1.038770796800821,0.016155045667186396,1.8545168892380164,0.06807685086676239
99,frozenset({'add'}),frozenset({'knowledge base'}),0.8189054726368159,0.8059701492537313,0.6855721393034826,0.8371810449574727,1.038724629854642,0.02555877329769063,1.1916907997326802,0.20586452734493352
100,frozenset({'knowledge base'}),frozenset({'add'}),0.8059701492537313,0.8189054726368159,0.6855721393034826,0.8506172839506173,1.038724629854642,0.02555877329769063,1.212285679042803,0.19214022552193796
171,frozenset({'material'}),frozenset({'development'}),0.6278606965174129,0.9154228855721394,0.5970149253731343,0.9508716323296355,1.038723902707917,0.022256874829830853,1.7215535227090328,0.10017825311942918
167,frozenset({'material'}),frozenset({'system design'}),0.6278606965174129,0.9263681592039801,0.6039800995024875,0.9619651347068146,1.0384263806448428,0.02234994183312289,1.9359038142620222,0.09943704904456892
38,frozenset({'add'}),frozenset({'development'}),0.8189054726368159,0.9154228855721394,0.7781094527363184,0.9501822600243013,1.0379708383961117,0.028464641964307758,1.6977308579055912,0.2020038784744663
39,frozenset({'development'}),frozenset({'add'}),0.9154228855721394,0.8189054726368159,0.7781094527363184,0.8499999999999999,1.0379708383961117,0.028464641964307758,1.207296849087893,0.43252595155709284
253,frozenset({'material'}),frozenset({'add'}),0.6278606965174129,0.8189054726368159,0.5333333333333333,0.849445324881141,1.0372935012218065,0.019174772901660808,1.2028489133280962,0.09661086279830772
414,frozenset({'image'}),frozenset({'system design'}),0.45671641791044776,0.9263681592039801,0.4388059701492537,0.9607843137254901,1.0371517027863777,0.015718422811316524,1.877611940298504,0.06593406593406581
47,frozenset({'system design'}),frozenset({'knowledge base'}),0.9263681592039801,0.8059701492537313,0.7741293532338308,0.8356605800214822,1.036838127063691,0.027504269696294603,1.1806653009462489,0.4825262280275125
46,frozenset({'knowledge base'}),frozenset({'system design'}),0.8059701492537313,0.9263681592039801,0.7741293532338308,0.9604938271604938,1.036838127063691,0.027504269696294603,1.8638059701492533,0.18311251730274838
122,frozenset({'concept design'}),frozenset({'step'}),0.7253731343283583,0.8656716417910447,0.6507462686567164,0.8971193415637859,1.0363275152547182,0.022811316551570426,1.3056716417910441,0.12764260071798922
87,frozenset({'step'}),frozenset({'evaluation'}),0.8656716417910447,0.7810945273631841,0.700497512437811,0.8091954022988507,1.0359762793762355,0.024326130541323376,1.147275669843554,0.2585227272727286
88,frozenset({'evaluation'}),frozenset({'step'}),0.7810945273631841,0.8656716417910447,0.700497512437811,0.8968152866242038,1.0359762793762355,0.024326130541323376,1.3018242122719743,0.15863894628099262
205,frozenset({'knowledge engineering'}),frozenset({'add'}),0.6696517412935323,0.8189054726368159,0.5671641791044776,0.8469539375928677,1.0342511631601847,0.01878270339843069,1.1832681253924553,0.10024836186852651
129,frozenset({'system integration'}),frozenset({'step'}),0.7223880597014926,0.8656716417910447,0.6467661691542289,0.8953168044077136,1.0342452740571864,0.02141531150219067,1.2831893165750208,0.11927212572373935
192,frozenset({'database'}),frozenset({'evaluation'}),0.7134328358208956,0.7810945273631841,0.5761194029850746,0.807531380753138,1.0338459078431894,0.018860919284176103,1.1373566947869345,0.1142415083477258
417,frozenset({'xml'}),frozenset({'evaluation'}),0.5422885572139303,0.7810945273631841,0.43781094527363185,0.8073394495412844,1.033600186992345,0.014232320982153934,1.1362236436863304,0.0710227272727274
508,frozenset({'manufacturing'}),frozenset({'add'}),0.472636815920398,0.8189054726368159,0.4,0.8463157894736842,1.0334718935857263,0.012955124873146706,1.1783548013357872,0.06141462498826622
318,frozenset({'optimization'}),frozenset({'knowledge base'}),0.5890547263681593,0.8059701492537313,0.490547263681592,0.8327702702702702,1.033252002002002,0.015786737952030838,1.1602593095130402,0.07831186244222971
101,frozenset({'review'}),frozenset({'step'}),0.7611940298507462,0.8656716417910447,0.6805970149253732,0.8941176470588236,1.0328600405679513,0.02165292938293617,1.2686567164179114,0.13322368421052694
36,frozenset({'analysis'}),frozenset({'add'}),0.9223880597014925,0.8189054726368159,0.7800995024875622,0.8457389428263216,1.032767481823151,0.024750872503155885,1.1739484396200823,0.4088010204081635
37,frozenset({'add'}),frozenset({'analysis'}),0.8189054726368159,0.9223880597014925,0.7800995024875622,0.9526123936816525,1.0327674818231507,0.024750872503155885,1.6378109452736331,0.1752004373177844
134,frozenset({'review'}),frozenset({'description'}),0.7611940298507462,0.8139303482587065,0.6398009950248756,0.8405228758169935,1.0326717484059638,0.02024207321600957,1.1667482260827013,0.13248444790046698
32,frozenset({'add'}),frozenset({'system design'}),0.8189054726368159,0.9263681592039801,0.7830845771144279,0.9562575941676793,1.0322651795257978,0.024476621865795467,1.6833056937534585,0.17259868466984138
33,frozenset({'system design'}),frozenset({'add'}),0.9263681592039801,0.8189054726368159,0.7830845771144279,0.845327604726101,1.0322651795257978,0.024476621865795467,1.1708264234383643,0.4244994677015017
288,frozenset({'word'}),frozenset({'development'}),0.5383084577114428,0.9154228855721394,0.5084577114427861,0.9445471349353051,1.0318150767499799,0.015677829756689188,1.525207296849089,0.06678503947634792
168,frozenset({'express'}),frozenset({'system design'}),0.6308457711442786,0.9263681592039801,0.6029850746268657,0.9558359621451104,1.031810034324206,0.018589638870324943,1.6672352523098775,0.08351347264106443
389,frozenset({'xml'}),frozenset({'knowledge base'}),0.5422885572139303,0.8059701492537313,0.4507462686567164,0.8311926605504587,1.0312945973496432,0.01367787926041436,1.149415963659961,0.06629714943852584
245,frozenset({'material'}),frozenset({'access'}),0.6278606965174129,0.8308457711442786,0.5373134328358209,0.8557844690966719,1.0300160376552758,0.0156580282666271,1.1729265759116505,0.07830758566052702
15,frozenset({'system design'}),frozenset({'step'}),0.9263681592039801,0.8656716417910447,0.8258706467661692,0.8915145005370569,1.029852957516945,0.023940001485111884,1.2382148662627463,0.393682839465974
14,frozenset({'step'}),frozenset({'system design'}),0.8656716417910447,0.9263681592039801,0.8258706467661692,0.9540229885057472,1.029852957516945,0.023940001485111884,1.6014925373134352,0.21579651941097833
20,frozenset({'step'}),frozenset({'development'}),0.8656716417910447,0.9154228855721394,0.8159203980099502,0.9425287356321839,1.0296101949025487,0.023464765723620662,1.471641791044774,0.21409214092140877
21,frozenset({'development'}),frozenset({'step'}),0.9154228855721394,0.8656716417910447,0.8159203980099502,0.8913043478260868,1.0296101949025487,0.023464765723620662,1.2358208955223868,0.3400286944045907
31,frozenset({'system design'}),frozenset({'access'}),0.9263681592039801,0.8308457711442786,0.7910447761194029,0.8539205155746509,1.0277725965898492,0.021375708522066272,1.1579601990049748,0.3669896311405742
30,frozenset({'access'}),frozenset({'system design'}),0.8308457711442786,0.9263681592039801,0.7910447761194029,0.9520958083832335,1.0277725965898492,0.021375708522066272,1.5370646766169145,0.15974842767295588
386,frozenset({'section description'}),frozenset({'design'}),0.45174129353233833,0.9731343283582089,0.45174129353233833,1.0,1.0276073619631902,0.012136333259077758,inf,0.04900181488203272
438,frozenset({'image'}),frozenset({'analysis'}),0.45671641791044776,0.9223880597014925,0.43283582089552236,0.9477124183006536,1.0274552107790258,0.011566050345288459,1.4843283582089546,0.049185297461159426
44,frozenset({'description'}),frozenset({'system design'}),0.8139303482587065,0.9263681592039801,0.7741293532338308,0.9511002444987775,1.026697900882139,0.020130194797158496,1.5057711442786073,0.13975227856975939
45,frozenset({'system design'}),frozenset({'description'}),0.9263681592039801,0.8139303482587065,0.7741293532338308,0.8356605800214822,1.0266979008821389,0.020130194797158496,1.1322277501381977,0.35315778503439177
50,frozenset({'analysis'}),frozenset({'description'}),0.9223880597014925,0.8139303482587065,0.7701492537313432,0.8349514563106796,1.02582666698317,0.01938961906883485,1.1273631840796017,0.32438878950506717
49,frozenset({'description'}),frozenset({'analysis'}),0.8139303482587065,0.9223880597014925,0.7701492537313432,0.9462102689486552,1.02582666698317,0.01938961906883485,1.4428765264586159,0.13530655391120452
19,frozenset({'analysis'}),frozenset({'step'}),0.9223880597014925,0.8656716417910447,0.8189054726368159,0.8878101402373247,1.025573782687944,0.020420286626568696,1.1973306544202076,0.3212917095055619
18,frozenset({'step'}),frozenset({'analysis'}),0.8656716417910447,0.9223880597014925,0.8189054726368159,0.945977011494253,1.025573782687944,0.020420286626568696,1.4366465544617364,0.18563520993654686
448,frozenset({'expert systems'}),frozenset({'design'}),0.42786069651741293,0.9731343283582089,0.42686567164179107,0.9976744186046512,1.0252175774004852,0.010499740105442967,11.552238805970484,0.04299179081787791
102,frozenset({'database'}),frozenset({'analysis'}),0.7134328358208956,0.9223880597014925,0.6746268656716418,0.9456066945606694,1.0251723064007257,0.016564936511472395,1.4268656716417891,0.08568399705014702
475,frozenset({'api'}),frozenset({'design'}),0.41492537313432837,0.9731343283582089,0.41393034825870645,0.9976019184652277,1.0251430757234703,0.010152223954852602,11.20298507462644,0.04192013343799057
52,frozenset({'knowledge base'}),frozenset({'analysis'}),0.8059701492537313,0.9223880597014925,0.7611940298507462,0.9444444444444444,1.0239122617763394,0.01777678770327462,1.397014925373134,0.12036199095022591
51,frozenset({'analysis'}),frozenset({'knowledge base'}),0.9223880597014925,0.8059701492537313,0.7611940298507462,0.8252427184466019,1.0239122617763394,0.01777678770327462,1.1102819237147594,0.30090497737556465
442,frozenset({'difficulty'}),frozenset({'design'}),0.43283582089552236,0.9731343283582089,0.43084577114427863,0.9954022988505749,1.0228827304139343,0.009638375287740475,5.84328358208974,0.03944329646286646
250,frozenset({'word'}),frozenset({'design'}),0.5383084577114428,0.9731343283582089,0.5353233830845772,0.9944547134935307,1.0219089847249472,0.011476943640009063,4.844776119403128,0.04643635431355015
12,frozenset({'step'}),frozenset({'design'}),0.8656716417910447,0.9731343283582089,0.8606965174129353,0.9942528735632185,1.0217015725266203,0.018281725699858975,4.674626865671702,0.1581245985870268
13,frozenset({'design'}),frozenset({'step'}),0.9731343283582089,0.8656716417910447,0.8606965174129353,0.8844580777096115,1.0217015725266203,0.018281725699858975,1.162594109100516,0.7906229929351327
114,frozenset({'evaluation'}),frozenset({'access'}),0.7810945273631841,0.8308457711442786,0.6626865671641791,0.8484076433121018,1.0211373431480986,0.013717482240538592,1.1158493248045482,0.0945604695604695
155,frozenset({'material'}),frozenset({'design'}),0.6278606965174129,0.9731343283582089,0.6238805970149254,0.993660855784469,1.0210932106987642,0.012887799806935551,4.238059701492518,0.05551006831614803
286,frozenset({'xml'}),frozenset({'analysis'}),0.5422885572139303,0.9223880597014925,0.5104477611940299,0.9412844036697249,1.0204863276030998,0.010247271107150957,1.321828358208958,0.043859649122807626
23,frozenset({'add'}),frozenset({'design'}),0.8189054726368159,0.9731343283582089,0.8129353233830846,0.9927095990279466,1.0201156922526446,0.01603029627979513,3.685074626865733,0.1088880519725078
22,frozenset({'design'}),frozenset({'add'}),0.9731343283582089,0.8189054726368159,0.8129353233830846,0.8353783231083846,1.0201156922526446,0.01603029627979513,1.1000648929266719,0.7339861281109771
128,frozenset({'system definition'}),frozenset({'design'}),0.6527363184079602,0.9731343283582089,0.6477611940298508,0.9923780487804879,1.0197749887774952,0.012561075220910434,3.5247761194030147,0.05584091479275904
154,frozenset({'express'}),frozenset({'design'}),0.6308457711442786,0.9731343283582089,0.6258706467661691,0.9921135646687695,1.0195032029571711,0.011972970966065088,3.406567164179037,0.05182144249846757
81,frozenset({'database'}),frozenset({'design'}),0.7134328358208956,0.9731343283582089,0.7074626865671642,0.9916317991631798,1.0190081371768873,0.013196703051904679,3.2104477611939854,0.06509317862165977
321,frozenset({'optimization'}),frozenset({'description'}),0.5890547263681593,0.8139303482587065,0.48855721393034823,0.8293918918918918,1.0189961507962728,0.009107695354075351,1.0906260775331256,0.045363763234590466
25,frozenset({'design'}),frozenset({'description'}),0.9731343283582089,0.8139303482587065,0.8069651741293532,0.8292433537832311,1.0188136559317205,0.014901611346253785,1.0896773616945215,0.6873544321139858
24,frozenset({'description'}),frozenset({'design'}),0.8139303482587065,0.9731343283582089,0.8069651741293532,0.991442542787286,1.0188136559317205,0.014901611346253785,3.13944562899787,0.0992436880592388
384,frozenset({'image'}),frozenset({'design'}),0.45671641791044776,0.9731343283582089,0.4527363184079602,0.9912854030501089,1.0186521779809403,0.008289893814509564,3.0828358208955264,0.03370365897838434
34,frozenset({'analysis'}),frozenset({'access'}),0.9223880597014925,0.8308457711442786,0.7800995024875622,0.8457389428263216,1.0179253144197045,0.013737283730600791,1.096545245798978,0.22689364207221446
35,frozenset({'access'}),frozenset({'analysis'}),0.8308457711442786,0.9223880597014925,0.7800995024875622,0.9389221556886228,1.0179253144197045,0.013737283730600791,1.2707052970441923,0.10410414165666314
16,frozenset({'design'}),frozenset({'access'}),0.9731343283582089,0.8308457711442786,0.8228855721393035,0.8456032719836402,1.0177620219683334,0.014361030667557784,1.0955816941781167,0.6496036544404148
17,frozenset({'access'}),frozenset({'design'}),0.8308457711442786,0.9731343283582089,0.8228855721393035,0.9904191616766467,1.0177620219683332,0.014361030667557784,2.804104477611937,0.10317234511700726
26,frozenset({'design'}),frozenset({'knowledge base'}),0.9731343283582089,0.8059701492537313,0.7980099502487562,0.8200408997955011,1.0174581534499736,0.013692730377960927,1.0781886024423342,0.6386810750900506
27,frozenset({'knowledge base'}),frozenset({'design'}),0.8059701492537313,0.9731343283582089,0.7980099502487562,0.9901234567901235,1.0174581534499736,0.013692730377960927,2.720149253731355,0.08843276424323795
246,frozenset({'xml'}),frozenset({'design'}),0.5422885572139303,0.9731343283582089,0.536318407960199,0.9889908256880735,1.0162942533911186,0.008598797059478858,2.440298507462716,0.03502863596031351
323,frozenset({'optimization'}),frozenset({'access'}),0.5890547263681593,0.8308457711442786,0.48855721393034823,0.8293918918918918,0.9982501213788637,-0.0008564144451870814,0.9914782523028416,-0.004247525141420892
